{
  "report_id": "d69b2908-39cd-409e-a6b4-b48719d84aac",
  "generated_at": "2025-07-30T13:47:27.367274",
  "dataset_info": {
    "dataset_id": 1,
    "dataset_name": "Employee Management",
    "validation_timestamp": "2025-07-30T13:47:27.367044",
    "field_validations": [
      {
        "field_name": "email",
        "field_type": "VARCHAR",
        "rules_applied": [
          {
            "rule_name": "Critical Fields Not Null",
            "rule_type": "not_null",
            "passed": true,
            "violation_message": null
          },
          {
            "rule_name": "String Length Validation",
            "rule_type": "length_check",
            "passed": true,
            "violation_message": null
          }
        ],
        "status": "PASS",
        "violations": []
      },
      {
        "field_name": "employee_id",
        "field_type": "INTEGER",
        "rules_applied": [
          {
            "rule_name": "Critical Fields Not Null",
            "rule_type": "not_null",
            "passed": true,
            "violation_message": null
          }
        ],
        "status": "PASS",
        "violations": []
      },
      {
        "field_name": "first_name",
        "field_type": "VARCHAR",
        "rules_applied": [
          {
            "rule_name": "Critical Fields Not Null",
            "rule_type": "not_null",
            "passed": true,
            "violation_message": null
          },
          {
            "rule_name": "String Length Validation",
            "rule_type": "length_check",
            "passed": true,
            "violation_message": null
          }
        ],
        "status": "PASS",
        "violations": []
      },
      {
        "field_name": "hire_date",
        "field_type": "DATE",
        "rules_applied": [
          {
            "rule_name": "Date Field Validation",
            "rule_type": "data_type_check",
            "passed": true,
            "violation_message": null
          }
        ],
        "status": "PASS",
        "violations": []
      },
      {
        "field_name": "is_active",
        "field_type": "BOOLEAN",
        "rules_applied": [],
        "status": "PASS",
        "violations": []
      },
      {
        "field_name": "last_name",
        "field_type": "VARCHAR",
        "rules_applied": [
          {
            "rule_name": "Critical Fields Not Null",
            "rule_type": "not_null",
            "passed": true,
            "violation_message": null
          },
          {
            "rule_name": "String Length Validation",
            "rule_type": "length_check",
            "passed": true,
            "violation_message": null
          }
        ],
        "status": "PASS",
        "violations": []
      },
      {
        "field_name": "salary",
        "field_type": "DECIMAL",
        "rules_applied": [
          {
            "rule_name": "Numeric Type Validation",
            "rule_type": "data_type_check",
            "passed": true,
            "violation_message": null
          }
        ],
        "status": "PASS",
        "violations": []
      }
    ],
    "overall_status": "PASS"
  },
  "summary": {
    "total_fields": 7,
    "passed_fields": 7,
    "failed_fields": 0,
    "overall_score": 100.0
  }
}